brand,model,year,price,fuel,mileage,motor
PEUGEOT, 5008 II,2020,35070,Diesel,73740,1.5 BLUEHDI 130 CROSSWAY
PEUGEOT, 2008 II,2020,35070,Diesel,73740,1.5 BLUEHDI 130 CROSSWAY
PEUGEOT, 308 II phase 2,2020,35070,Diesel,73740,1.5 BLUEHDI 130 CROSSWAY
PEUGEOT, 5008 II phase 2,2020,35070,Diesel,73740,1.5 BLUEHDI 130 CROSSWAY
PEUGEOT, 5008 II phase 2,2020,35070,Diesel,73740,1.5 BLUEHDI 130 CROSSWAY
PEUGEOT, 208 phase 2,2020,35070,Diesel,73740,1.5 BLUEHDI 130 CROSSWAY
PEUGEOT, 5008 II,2020,35070,Diesel,73740,1.5 BLUEHDI 130 CROSSWAY
PEUGEOT, 3008 II phase 2,2020,35070,Diesel,73740,1.5 BLUEHDI 130 CROSSWAY
PEUGEOT, 308 III,2020,35070,Diesel,73740,1.5 BLUEHDI 130 CROSSWAY
PEUGEOT, TRAVELLER,2020,35070,Diesel,73740,1.5 BLUEHDI 130 CROSSWAY
PEUGEOT, BOXER II,2020,35070,Diesel,73740,1.5 BLUEHDI 130 CROSSWAY
PEUGEOT, 2008 II,2020,35070,Diesel,73740,1.5 BLUEHDI 130 CROSSWAY
PEUGEOT, 5008 II phase 2,2020,35070,Diesel,73740,1.5 BLUEHDI 130 CROSSWAY
PEUGEOT, RIFTER,2020,35070,Diesel,73740,1.5 BLUEHDI 130 CROSSWAY
PEUGEOT, 3008 II,2020,35070,Diesel,73740,1.5 BLUEHDI 130 CROSSWAY
PEUGEOT, 308 CC phase 2,2020,35070,Diesel,73740,1.5 BLUEHDI 130 CROSSWAY
PEUGEOT, 508 II SW,2020,35070,Diesel,73740,1.5 BLUEHDI 130 CROSSWAY
PEUGEOT, 5008 II,2020,35070,Diesel,73740,1.5 BLUEHDI 130 CROSSWAY
PEUGEOT, 2008 II,2020,35070,Diesel,73740,1.5 BLUEHDI 130 CROSSWAY
PEUGEOT, 308 II phase 2,2020,35070,Diesel,73740,1.5 BLUEHDI 130 CROSSWAY
PEUGEOT, 5008 II phase 2,2020,35070,Diesel,73740,1.5 BLUEHDI 130 CROSSWAY
PEUGEOT, 5008 II phase 2,2020,35070,Diesel,73740,1.5 BLUEHDI 130 CROSSWAY
PEUGEOT, 208 phase 2,2020,35070,Diesel,73740,1.5 BLUEHDI 130 CROSSWAY
PEUGEOT, 5008 II,2020,35070,Diesel,73740,1.5 BLUEHDI 130 CROSSWAY
PEUGEOT, 3008 II phase 2,2020,35070,Diesel,73740,1.5 BLUEHDI 130 CROSSWAY
PEUGEOT, 308 III,2020,35070,Diesel,73740,1.5 BLUEHDI 130 CROSSWAY
PEUGEOT, TRAVELLER,2020,35070,Diesel,73740,1.5 BLUEHDI 130 CROSSWAY
PEUGEOT, BOXER II,2020,35070,Diesel,73740,1.5 BLUEHDI 130 CROSSWAY
PEUGEOT, 2008 II,2020,35070,Diesel,73740,1.5 BLUEHDI 130 CROSSWAY
PEUGEOT, 5008 II phase 2,2020,35070,Diesel,73740,1.5 BLUEHDI 130 CROSSWAY
PEUGEOT, RIFTER,2020,35070,Diesel,73740,1.5 BLUEHDI 130 CROSSWAY
PEUGEOT, 3008 II,2020,35070,Diesel,73740,1.5 BLUEHDI 130 CROSSWAY
PEUGEOT, 308 CC phase 2,2020,35070,Diesel,73740,1.5 BLUEHDI 130 CROSSWAY
PEUGEOT, 508 II SW,2020,35070,Diesel,73740,1.5 BLUEHDI 130 CROSSWAY
PEUGEOT, 2008 II,2021,32100,Diesel,49028,1.5 BLUEHDI 130 GT LINE
PEUGEOT, 308 III SW,2021,32100,Diesel,49028,1.5 BLUEHDI 130 GT LINE
PEUGEOT, 5008 II phase 2,2021,32100,Diesel,49028,1.5 BLUEHDI 130 GT LINE
PEUGEOT, 5008 II,2021,32100,Diesel,49028,1.5 BLUEHDI 130 GT LINE
PEUGEOT, 3008 II,2021,32100,Diesel,49028,1.5 BLUEHDI 130 GT LINE
PEUGEOT, 3008 II,2021,32100,Diesel,49028,1.5 BLUEHDI 130 GT LINE
PEUGEOT, 308 II,2021,32100,Diesel,49028,1.5 BLUEHDI 130 GT LINE
PEUGEOT, 308 II,2021,32100,Diesel,49028,1.5 BLUEHDI 130 GT LINE
PEUGEOT, 208 II,2021,32100,Diesel,49028,1.5 BLUEHDI 130 GT LINE
PEUGEOT, 208 phase 2,2021,32100,Diesel,49028,1.5 BLUEHDI 130 GT LINE
PEUGEOT, 5008 II phase 2,2021,32100,Diesel,49028,1.5 BLUEHDI 130 GT LINE
PEUGEOT, 308 II phase 2,2021,32100,Diesel,49028,1.5 BLUEHDI 130 GT LINE
PEUGEOT, 3008 II phase 2,2021,32100,Diesel,49028,1.5 BLUEHDI 130 GT LINE
PEUGEOT, 208 II AFFAIRE,2021,32100,Diesel,49028,1.5 BLUEHDI 130 GT LINE
PEUGEOT, 208 II,2021,32100,Diesel,49028,1.5 BLUEHDI 130 GT LINE
PEUGEOT, 308 II phase 2,2021,32100,Diesel,49028,1.5 BLUEHDI 130 GT LINE
PEUGEOT, EXPERT III FOURGON,2021,32100,Diesel,49028,1.5 BLUEHDI 130 GT LINE
PEUGEOT, RIFTER,2020,30960,Diesel,71304,1.5 BLUEHDI 130 GT LINE
PEUGEOT, 2008 II,2020,30960,Diesel,71304,1.5 BLUEHDI 130 GT LINE
PEUGEOT, 3008 II,2020,30960,Diesel,71304,1.5 BLUEHDI 130 GT LINE
PEUGEOT, 2008 II,2020,30960,Diesel,71304,1.5 BLUEHDI 130 GT LINE
PEUGEOT, EXPERT III FOURGON,2020,30960,Diesel,71304,1.5 BLUEHDI 130 GT LINE
PEUGEOT, 3008 (2E GENERATION),2020,30960,Diesel,71304,1.5 BLUEHDI 130 GT LINE
PEUGEOT, 2008 II,2020,30960,Diesel,71304,1.5 BLUEHDI 130 GT LINE
PEUGEOT, 208 II,2020,30960,Diesel,71304,1.5 BLUEHDI 130 GT LINE
PEUGEOT, EXPERT III FOURGON,2020,30960,Diesel,71304,1.5 BLUEHDI 130 GT LINE
PEUGEOT, 3008 II phase 2,2020,30960,Diesel,71304,1.5 BLUEHDI 130 GT LINE
PEUGEOT, 3008 II phase 2,2020,30960,Diesel,71304,1.5 BLUEHDI 130 GT LINE
PEUGEOT, 5008 II phase 2,2020,30960,Diesel,71304,1.5 BLUEHDI 130 GT LINE
PEUGEOT, 5008 II,2020,30960,Diesel,71304,1.5 BLUEHDI 130 GT LINE
PEUGEOT, 2008 II,2020,30960,Diesel,71304,1.5 BLUEHDI 130 GT LINE
PEUGEOT, 308 CC phase 2,2020,30960,Diesel,71304,1.5 BLUEHDI 130 GT LINE
PEUGEOT, 5008 II,2020,30960,Diesel,71304,1.5 BLUEHDI 130 GT LINE
PEUGEOT, 3008 II phase 2,2020,30960,Diesel,71304,1.5 BLUEHDI 130 GT LINE
PEUGEOT, 3008 II,2019,28490,Diesel,66278,2.0 BLUEHDI 180 GT
PEUGEOT, 3008 II phase 2,2019,28490,Diesel,66278,2.0 BLUEHDI 180 GT
PEUGEOT, 308 II phase 2,2019,28490,Diesel,66278,2.0 BLUEHDI 180 GT
PEUGEOT, 308 II phase 2,2019,28490,Diesel,66278,2.0 BLUEHDI 180 GT
PEUGEOT, 2008 II,2019,28490,Diesel,66278,2.0 BLUEHDI 180 GT
PEUGEOT, 5008 II phase 2,2019,28490,Diesel,66278,2.0 BLUEHDI 180 GT
PEUGEOT, 3008 II phase 2,2019,28490,Diesel,66278,2.0 BLUEHDI 180 GT
PEUGEOT, 3008 II,2019,28490,Diesel,66278,2.0 BLUEHDI 180 GT
PEUGEOT, 308 II phase 2,2019,28490,Diesel,66278,2.0 BLUEHDI 180 GT
PEUGEOT, 308 II phase 2,2019,28490,Diesel,66278,2.0 BLUEHDI 180 GT
PEUGEOT, 5008 phase 2,2019,28490,Diesel,66278,2.0 BLUEHDI 180 GT
PEUGEOT, 5008 II,2019,28490,Diesel,66278,2.0 BLUEHDI 180 GT
PEUGEOT, 3008 II,2019,28490,Diesel,66278,2.0 BLUEHDI 180 GT
PEUGEOT, 308 (2E GENERATION) SW,2019,28490,Diesel,66278,2.0 BLUEHDI 180 GT
PEUGEOT, 308 II SW phase 2,2019,28490,Diesel,66278,2.0 BLUEHDI 180 GT
PEUGEOT, 308 II SW phase 2,2019,28490,Diesel,66278,2.0 BLUEHDI 180 GT
PEUGEOT, 308 II phase 2,2019,28490,Diesel,66278,2.0 BLUEHDI 180 GT
PEUGEOT, 5008 II,2020,35070,Diesel,73740,1.5 BLUEHDI 130 CROSSWAY
PEUGEOT, 3008 II phase 2,2020,35070,Diesel,73740,1.5 BLUEHDI 130 CROSSWAY
PEUGEOT, 308 III,2020,35070,Diesel,73740,1.5 BLUEHDI 130 CROSSWAY
PEUGEOT, 3008 II,2020,35070,Diesel,73740,1.5 BLUEHDI 130 CROSSWAY
PEUGEOT, 3008 II,2020,35070,Diesel,73740,1.5 BLUEHDI 130 CROSSWAY
PEUGEOT, 508 II,2020,35070,Diesel,73740,1.5 BLUEHDI 130 CROSSWAY
PEUGEOT, 2008 II,2020,35070,Diesel,73740,1.5 BLUEHDI 130 CROSSWAY
PEUGEOT, 2008 phase 2,2020,35070,Diesel,73740,1.5 BLUEHDI 130 CROSSWAY
PEUGEOT, 3008 II,2020,35070,Diesel,73740,1.5 BLUEHDI 130 CROSSWAY
PEUGEOT, 2008 (2E GENERATION),2020,35070,Diesel,73740,1.5 BLUEHDI 130 CROSSWAY
PEUGEOT, 308 II phase 2,2020,35070,Diesel,73740,1.5 BLUEHDI 130 CROSSWAY
PEUGEOT, 508 phase 2,2020,35070,Diesel,73740,1.5 BLUEHDI 130 CROSSWAY
PEUGEOT, 308 II phase 2,2020,35070,Diesel,73740,1.5 BLUEHDI 130 CROSSWAY
PEUGEOT, 208 phase 2,2020,35070,Diesel,73740,1.5 BLUEHDI 130 CROSSWAY
PEUGEOT, 208 phase 2,2020,35070,Diesel,73740,1.5 BLUEHDI 130 CROSSWAY
PEUGEOT, 5008 II phase 2,2020,35070,Diesel,73740,1.5 BLUEHDI 130 CROSSWAY
PEUGEOT, 2008 II,2020,35070,Diesel,73740,1.5 BLUEHDI 130 CROSSWAY
PEUGEOT, 2008 II,2021,32100,Diesel,49028,1.5 BLUEHDI 130 GT LINE
PEUGEOT, 2008 II,2021,32100,Diesel,49028,1.5 BLUEHDI 130 GT LINE
PEUGEOT, 2008 II,2021,32100,Diesel,49028,1.5 BLUEHDI 130 GT LINE
PEUGEOT, RIFTER,2021,32100,Diesel,49028,1.5 BLUEHDI 130 GT LINE
PEUGEOT, 5008 II,2021,32100,Diesel,49028,1.5 BLUEHDI 130 GT LINE
PEUGEOT, 208 II,2021,32100,Diesel,49028,1.5 BLUEHDI 130 GT LINE
PEUGEOT, 208 phase 2,2021,32100,Diesel,49028,1.5 BLUEHDI 130 GT LINE
PEUGEOT, EXPERT III FOURGON,2021,32100,Diesel,49028,1.5 BLUEHDI 130 GT LINE
PEUGEOT, BIPPER TEPEE,2021,32100,Diesel,49028,1.5 BLUEHDI 130 GT LINE
PEUGEOT, 3008 II,2021,32100,Diesel,49028,1.5 BLUEHDI 130 GT LINE
PEUGEOT, 208 II,2021,32100,Diesel,49028,1.5 BLUEHDI 130 GT LINE
PEUGEOT, 208 II,2021,32100,Diesel,49028,1.5 BLUEHDI 130 GT LINE
PEUGEOT, 2008 II,2021,32100,Diesel,49028,1.5 BLUEHDI 130 GT LINE
PEUGEOT, 208 II,2021,32100,Diesel,49028,1.5 BLUEHDI 130 GT LINE
PEUGEOT, 208 phase 2,2021,32100,Diesel,49028,1.5 BLUEHDI 130 GT LINE
PEUGEOT, 2008 II,2021,32100,Diesel,49028,1.5 BLUEHDI 130 GT LINE
PEUGEOT, 2008 II,2021,32100,Diesel,49028,1.5 BLUEHDI 130 GT LINE
PEUGEOT, RIFTER,2020,30960,Diesel,71304,1.5 BLUEHDI 130 GT LINE
PEUGEOT, RIFTER,2020,30960,Diesel,71304,1.5 BLUEHDI 130 GT LINE
PEUGEOT, 3008 II phase 2,2020,30960,Diesel,71304,1.5 BLUEHDI 130 GT LINE
PEUGEOT, 308 II phase 2,2020,30960,Diesel,71304,1.5 BLUEHDI 130 GT LINE
PEUGEOT, RIFTER,2020,30960,Diesel,71304,1.5 BLUEHDI 130 GT LINE
PEUGEOT, 5008 II phase 2,2020,30960,Diesel,71304,1.5 BLUEHDI 130 GT LINE
PEUGEOT, 2008 II,2020,30960,Diesel,71304,1.5 BLUEHDI 130 GT LINE
PEUGEOT, 308 II phase 2,2020,30960,Diesel,71304,1.5 BLUEHDI 130 GT LINE
PEUGEOT, 2008 II,2020,30960,Diesel,71304,1.5 BLUEHDI 130 GT LINE
PEUGEOT, EXPERT III FOURGON,2020,30960,Diesel,71304,1.5 BLUEHDI 130 GT LINE
PEUGEOT, 3008 II phase 2,2020,30960,Diesel,71304,1.5 BLUEHDI 130 GT LINE
PEUGEOT, 3008 II,2020,30960,Diesel,71304,1.5 BLUEHDI 130 GT LINE
PEUGEOT, 308 II phase 2,2020,30960,Diesel,71304,1.5 BLUEHDI 130 GT LINE
PEUGEOT, 3008 II phase 2,2020,30960,Diesel,71304,1.5 BLUEHDI 130 GT LINE
PEUGEOT, 308 II phase 2,2020,30960,Diesel,71304,1.5 BLUEHDI 130 GT LINE
PEUGEOT, 208 (2E GENERATION),2020,30960,Diesel,71304,1.5 BLUEHDI 130 GT LINE
PEUGEOT, 2008 phase 2,2020,30960,Diesel,71304,1.5 BLUEHDI 130 GT LINE
PEUGEOT, 3008 II,2019,28490,Diesel,66278,2.0 BLUEHDI 180 GT
PEUGEOT, 5008 II,2019,28490,Diesel,66278,2.0 BLUEHDI 180 GT
PEUGEOT, EXPERT III FOURGON,2019,28490,Diesel,66278,2.0 BLUEHDI 180 GT
PEUGEOT, 5008 II phase 2,2019,28490,Diesel,66278,2.0 BLUEHDI 180 GT
PEUGEOT, 508 SW phase 2,2019,28490,Diesel,66278,2.0 BLUEHDI 180 GT
PEUGEOT, 508 II,2019,28490,Diesel,66278,2.0 BLUEHDI 180 GT
PEUGEOT, 308 II AFFAIRE phase 2,2019,28490,Diesel,66278,2.0 BLUEHDI 180 GT
PEUGEOT, 2008 phase 2,2019,28490,Diesel,66278,2.0 BLUEHDI 180 GT
PEUGEOT, 208 phase 2,2019,28490,Diesel,66278,2.0 BLUEHDI 180 GT
PEUGEOT, 2008 phase 2,2019,28490,Diesel,66278,2.0 BLUEHDI 180 GT
PEUGEOT, 308 III,2019,28490,Diesel,66278,2.0 BLUEHDI 180 GT
PEUGEOT, 308 II AFFAIRE phase 2,2019,28490,Diesel,66278,2.0 BLUEHDI 180 GT
PEUGEOT, RIFTER,2019,28490,Diesel,66278,2.0 BLUEHDI 180 GT
PEUGEOT, 308 II phase 2,2019,28490,Diesel,66278,2.0 BLUEHDI 180 GT
PEUGEOT, RIFTER,2019,28490,Diesel,66278,2.0 BLUEHDI 180 GT
PEUGEOT, 208 II,2019,28490,Diesel,66278,2.0 BLUEHDI 180 GT
PEUGEOT, 5008 (2E GENERATION),2019,28490,Diesel,66278,2.0 BLUEHDI 180 GT
PEUGEOT, 5008 II,2020,35070,Diesel,73740,1.5 BLUEHDI 130 CROSSWAY
PEUGEOT, RIFTER,2020,35070,Diesel,73740,1.5 BLUEHDI 130 CROSSWAY
PEUGEOT, 3008 II,2020,35070,Diesel,73740,1.5 BLUEHDI 130 CROSSWAY
PEUGEOT, 208 II,2020,35070,Diesel,73740,1.5 BLUEHDI 130 CROSSWAY
PEUGEOT, 208 II,2020,35070,Diesel,73740,1.5 BLUEHDI 130 CROSSWAY
PEUGEOT, 5008 II,2020,35070,Diesel,73740,1.5 BLUEHDI 130 CROSSWAY
PEUGEOT, 308 II phase 2,2020,35070,Diesel,73740,1.5 BLUEHDI 130 CROSSWAY
PEUGEOT, 2008 II,2020,35070,Diesel,73740,1.5 BLUEHDI 130 CROSSWAY
PEUGEOT, EXPERT III FOURGON,2020,35070,Diesel,73740,1.5 BLUEHDI 130 CROSSWAY
PEUGEOT, EXPERT III FOURGON,2020,35070,Diesel,73740,1.5 BLUEHDI 130 CROSSWAY
PEUGEOT, 5008 II,2020,35070,Diesel,73740,1.5 BLUEHDI 130 CROSSWAY
PEUGEOT, 2008 II,2020,35070,Diesel,73740,1.5 BLUEHDI 130 CROSSWAY
PEUGEOT, 3008 II,2020,35070,Diesel,73740,1.5 BLUEHDI 130 CROSSWAY
PEUGEOT, 308 II phase 2,2020,35070,Diesel,73740,1.5 BLUEHDI 130 CROSSWAY
PEUGEOT, 208 II,2020,35070,Diesel,73740,1.5 BLUEHDI 130 CROSSWAY
PEUGEOT, 2008 II,2020,35070,Diesel,73740,1.5 BLUEHDI 130 CROSSWAY
PEUGEOT, PARTNER II FOURGON phase 2,2020,35070,Diesel,73740,1.5 BLUEHDI 130 CROSSWAY
PEUGEOT, 2008 II,2021,32100,Diesel,49028,1.5 BLUEHDI 130 GT LINE
PEUGEOT, 308 II phase 2,2021,32100,Diesel,49028,1.5 BLUEHDI 130 GT LINE
PEUGEOT, 508 II SW,2021,32100,Diesel,49028,1.5 BLUEHDI 130 GT LINE
PEUGEOT, 308 II SW,2021,32100,Diesel,49028,1.5 BLUEHDI 130 GT LINE
PEUGEOT, 2008 II,2021,32100,Diesel,49028,1.5 BLUEHDI 130 GT LINE
PEUGEOT, 3008 II phase 2,2021,32100,Diesel,49028,1.5 BLUEHDI 130 GT LINE
PEUGEOT, 2008 II,2021,32100,Diesel,49028,1.5 BLUEHDI 130 GT LINE
PEUGEOT, 2008 II,2021,32100,Diesel,49028,1.5 BLUEHDI 130 GT LINE
PEUGEOT, 308 II phase 2,2021,32100,Diesel,49028,1.5 BLUEHDI 130 GT LINE
PEUGEOT, 5008 II phase 2,2021,32100,Diesel,49028,1.5 BLUEHDI 130 GT LINE
PEUGEOT, 3008 phase 2,2021,32100,Diesel,49028,1.5 BLUEHDI 130 GT LINE
PEUGEOT, 3008 II phase 2,2021,32100,Diesel,49028,1.5 BLUEHDI 130 GT LINE
PEUGEOT, 308 III,2021,32100,Diesel,49028,1.5 BLUEHDI 130 GT LINE
PEUGEOT, 3008 II,2021,32100,Diesel,49028,1.5 BLUEHDI 130 GT LINE
PEUGEOT, 2008 phase 2,2021,32100,Diesel,49028,1.5 BLUEHDI 130 GT LINE
PEUGEOT, 208 phase 2,2021,32100,Diesel,49028,1.5 BLUEHDI 130 GT LINE
PEUGEOT, RIFTER,2021,32100,Diesel,49028,1.5 BLUEHDI 130 GT LINE
PEUGEOT, RIFTER,2020,30960,Diesel,71304,1.5 BLUEHDI 130 GT LINE
PEUGEOT, 308 II phase 2,2020,30960,Diesel,71304,1.5 BLUEHDI 130 GT LINE
PEUGEOT, 308 II SW phase 2,2020,30960,Diesel,71304,1.5 BLUEHDI 130 GT LINE
PEUGEOT, 3008 II,2020,30960,Diesel,71304,1.5 BLUEHDI 130 GT LINE
PEUGEOT, PARTNER II TEPEE phase 3,2020,30960,Diesel,71304,1.5 BLUEHDI 130 GT LINE
PEUGEOT, 3008 II,2020,30960,Diesel,71304,1.5 BLUEHDI 130 GT LINE
PEUGEOT, 3008 II,2020,30960,Diesel,71304,1.5 BLUEHDI 130 GT LINE
PEUGEOT, 3008 II phase 2,2020,30960,Diesel,71304,1.5 BLUEHDI 130 GT LINE
PEUGEOT, 308 III,2020,30960,Diesel,71304,1.5 BLUEHDI 130 GT LINE
PEUGEOT, 308 II phase 2,2020,30960,Diesel,71304,1.5 BLUEHDI 130 GT LINE
PEUGEOT, RIFTER,2020,30960,Diesel,71304,1.5 BLUEHDI 130 GT LINE
PEUGEOT, 508 II,2020,30960,Diesel,71304,1.5 BLUEHDI 130 GT LINE
PEUGEOT, 2008 (2E GENERATION),2020,30960,Diesel,71304,1.5 BLUEHDI 130 GT LINE
PEUGEOT, 308 II phase 2,2020,30960,Diesel,71304,1.5 BLUEHDI 130 GT LINE
PEUGEOT, 208 phase 2,2020,30960,Diesel,71304,1.5 BLUEHDI 130 GT LINE
PEUGEOT, 3008 II,2020,30960,Diesel,71304,1.5 BLUEHDI 130 GT LINE
PEUGEOT, 308 III SW,2020,30960,Diesel,71304,1.5 BLUEHDI 130 GT LINE
PEUGEOT, 3008 II,2019,28490,Diesel,66278,2.0 BLUEHDI 180 GT
PEUGEOT, 308 II phase 2,2019,28490,Diesel,66278,2.0 BLUEHDI 180 GT
PEUGEOT, 3008 II,2019,28490,Diesel,66278,2.0 BLUEHDI 180 GT
PEUGEOT, RIFTER,2019,28490,Diesel,66278,2.0 BLUEHDI 180 GT
PEUGEOT, 308 II phase 2,2019,28490,Diesel,66278,2.0 BLUEHDI 180 GT
PEUGEOT, 3008 phase 2,2019,28490,Diesel,66278,2.0 BLUEHDI 180 GT
PEUGEOT, 3008 II,2019,28490,Diesel,66278,2.0 BLUEHDI 180 GT
PEUGEOT, 308 II phase 2,2019,28490,Diesel,66278,2.0 BLUEHDI 180 GT
PEUGEOT, 5008 II,2019,28490,Diesel,66278,2.0 BLUEHDI 180 GT
PEUGEOT, 508 SW phase 2,2019,28490,Diesel,66278,2.0 BLUEHDI 180 GT
PEUGEOT, 3008 II,2019,28490,Diesel,66278,2.0 BLUEHDI 180 GT
PEUGEOT, 5008 (2E GENERATION),2019,28490,Diesel,66278,2.0 BLUEHDI 180 GT
PEUGEOT, 2008 (2E GENERATION),2019,28490,Diesel,66278,2.0 BLUEHDI 180 GT
PEUGEOT, 2008 II,2019,28490,Diesel,66278,2.0 BLUEHDI 180 GT
PEUGEOT, 3008 II phase 2,2019,28490,Diesel,66278,2.0 BLUEHDI 180 GT
PEUGEOT, 208,2019,28490,Diesel,66278,2.0 BLUEHDI 180 GT
PEUGEOT, 508 II,2019,28490,Diesel,66278,2.0 BLUEHDI 180 GT
PEUGEOT, 5008 II,2020,35070,Diesel,73740,1.5 BLUEHDI 130 CROSSWAY
PEUGEOT, EXPERT III FOURGON,2020,35070,Diesel,73740,1.5 BLUEHDI 130 CROSSWAY
PEUGEOT, 5008 II,2020,35070,Diesel,73740,1.5 BLUEHDI 130 CROSSWAY
PEUGEOT, 3008 II phase 2,2020,35070,Diesel,73740,1.5 BLUEHDI 130 CROSSWAY
PEUGEOT, 2008 II,2020,35070,Diesel,73740,1.5 BLUEHDI 130 CROSSWAY
PEUGEOT, PARTNER II FOURGON phase 2,2020,35070,Diesel,73740,1.5 BLUEHDI 130 CROSSWAY
PEUGEOT, RIFTER,2020,35070,Diesel,73740,1.5 BLUEHDI 130 CROSSWAY
PEUGEOT, 3008 II phase 2,2020,35070,Diesel,73740,1.5 BLUEHDI 130 CROSSWAY
PEUGEOT, 2008 II,2020,35070,Diesel,73740,1.5 BLUEHDI 130 CROSSWAY
PEUGEOT, 208 II,2020,35070,Diesel,73740,1.5 BLUEHDI 130 CROSSWAY
PEUGEOT, 3008 II,2020,35070,Diesel,73740,1.5 BLUEHDI 130 CROSSWAY
PEUGEOT, 308 II phase 2,2020,35070,Diesel,73740,1.5 BLUEHDI 130 CROSSWAY
PEUGEOT, 5008 II,2020,35070,Diesel,73740,1.5 BLUEHDI 130 CROSSWAY
PEUGEOT, 208 (2E GENERATION),2020,35070,Diesel,73740,1.5 BLUEHDI 130 CROSSWAY
PEUGEOT, 5008 II phase 2,2020,35070,Diesel,73740,1.5 BLUEHDI 130 CROSSWAY
PEUGEOT, 2008 (2E GENERATION),2020,35070,Diesel,73740,1.5 BLUEHDI 130 CROSSWAY
PEUGEOT, PARTNER 2 TEPEE,2020,35070,Diesel,73740,1.5 BLUEHDI 130 CROSSWAY
PEUGEOT, 2008 II,2021,32100,Diesel,49028,1.5 BLUEHDI 130 GT LINE
PEUGEOT, 5008 II,2021,32100,Diesel,49028,1.5 BLUEHDI 130 GT LINE
PEUGEOT, 2008 II,2021,32100,Diesel,49028,1.5 BLUEHDI 130 GT LINE
PEUGEOT, 508 II SW,2021,32100,Diesel,49028,1.5 BLUEHDI 130 GT LINE
PEUGEOT, 3008 II,2021,32100,Diesel,49028,1.5 BLUEHDI 130 GT LINE
PEUGEOT, 3008 II,2021,32100,Diesel,49028,1.5 BLUEHDI 130 GT LINE
PEUGEOT, 308 II SW phase 2,2021,32100,Diesel,49028,1.5 BLUEHDI 130 GT LINE
PEUGEOT, 308 (2E GENERATION),2021,32100,Diesel,49028,1.5 BLUEHDI 130 GT LINE
PEUGEOT, 208 phase 2,2021,32100,Diesel,49028,1.5 BLUEHDI 130 GT LINE
PEUGEOT, 3008 II phase 2,2021,32100,Diesel,49028,1.5 BLUEHDI 130 GT LINE
PEUGEOT, 5008 phase 2,2021,32100,Diesel,49028,1.5 BLUEHDI 130 GT LINE
PEUGEOT, 308 III SW,2021,32100,Diesel,49028,1.5 BLUEHDI 130 GT LINE
PEUGEOT, 2008 II,2021,32100,Diesel,49028,1.5 BLUEHDI 130 GT LINE
PEUGEOT, 2008 II,2021,32100,Diesel,49028,1.5 BLUEHDI 130 GT LINE
PEUGEOT, 508 II SW,2021,32100,Diesel,49028,1.5 BLUEHDI 130 GT LINE
PEUGEOT, 3008 II phase 2,2021,32100,Diesel,49028,1.5 BLUEHDI 130 GT LINE
PEUGEOT, 308 II phase 2,2021,32100,Diesel,49028,1.5 BLUEHDI 130 GT LINE
PEUGEOT, RIFTER,2020,30960,Diesel,71304,1.5 BLUEHDI 130 GT LINE
PEUGEOT, 5008 II,2020,30960,Diesel,71304,1.5 BLUEHDI 130 GT LINE
PEUGEOT, PARTNER III FOURGON,2020,30960,Diesel,71304,1.5 BLUEHDI 130 GT LINE
PEUGEOT, 5008 II phase 2,2020,30960,Diesel,71304,1.5 BLUEHDI 130 GT LINE
PEUGEOT, 508 II SW,2020,30960,Diesel,71304,1.5 BLUEHDI 130 GT LINE
PEUGEOT, 3008 II,2020,30960,Diesel,71304,1.5 BLUEHDI 130 GT LINE
PEUGEOT, 2008 II,2020,30960,Diesel,71304,1.5 BLUEHDI 130 GT LINE
PEUGEOT, PARTNER III FOURGON,2020,30960,Diesel,71304,1.5 BLUEHDI 130 GT LINE
PEUGEOT, 208 II,2020,30960,Diesel,71304,1.5 BLUEHDI 130 GT LINE
PEUGEOT, 308 III SW,2020,30960,Diesel,71304,1.5 BLUEHDI 130 GT LINE
PEUGEOT, 208 II,2020,30960,Diesel,71304,1.5 BLUEHDI 130 GT LINE
PEUGEOT, RIFTER,2020,30960,Diesel,71304,1.5 BLUEHDI 130 GT LINE
PEUGEOT, 3008 II phase 2,2020,30960,Diesel,71304,1.5 BLUEHDI 130 GT LINE
PEUGEOT, 3008 II,2020,30960,Diesel,71304,1.5 BLUEHDI 130 GT LINE
PEUGEOT, 508 II phase 2,2020,30960,Diesel,71304,1.5 BLUEHDI 130 GT LINE
PEUGEOT, 3008 II,2020,30960,Diesel,71304,1.5 BLUEHDI 130 GT LINE
PEUGEOT, EXPERT III FOURGON,2020,30960,Diesel,71304,1.5 BLUEHDI 130 GT LINE
PEUGEOT, 3008 II,2019,28490,Diesel,66278,2.0 BLUEHDI 180 GT
PEUGEOT, 5008 II phase 2,2019,28490,Diesel,66278,2.0 BLUEHDI 180 GT
PEUGEOT, 2008 II,2019,28490,Diesel,66278,2.0 BLUEHDI 180 GT
PEUGEOT, 308 II phase 2,2019,28490,Diesel,66278,2.0 BLUEHDI 180 GT
PEUGEOT, 2008 phase 2,2019,28490,Diesel,66278,2.0 BLUEHDI 180 GT
PEUGEOT, 3008 II phase 2,2019,28490,Diesel,66278,2.0 BLUEHDI 180 GT
PEUGEOT, 3008 II,2019,28490,Diesel,66278,2.0 BLUEHDI 180 GT
PEUGEOT, 2008 phase 2,2019,28490,Diesel,66278,2.0 BLUEHDI 180 GT
PEUGEOT, 308 II,2019,28490,Diesel,66278,2.0 BLUEHDI 180 GT
PEUGEOT, 2008 phase 2,2019,28490,Diesel,66278,2.0 BLUEHDI 180 GT
PEUGEOT, 2008 II,2019,28490,Diesel,66278,2.0 BLUEHDI 180 GT
PEUGEOT, 3008 II,2019,28490,Diesel,66278,2.0 BLUEHDI 180 GT
PEUGEOT, RIFTER,2019,28490,Diesel,66278,2.0 BLUEHDI 180 GT
PEUGEOT, 5008 II,2019,28490,Diesel,66278,2.0 BLUEHDI 180 GT
PEUGEOT, 2008 phase 2,2019,28490,Diesel,66278,2.0 BLUEHDI 180 GT
PEUGEOT, 308 III,2019,28490,Diesel,66278,2.0 BLUEHDI 180 GT
PEUGEOT, 3008 II phase 2,2019,28490,Diesel,66278,2.0 BLUEHDI 180 GT
PEUGEOT, 5008 II,2020,35070,Diesel,73740,1.5 BLUEHDI 130 CROSSWAY
PEUGEOT, 208 II,2020,35070,Diesel,73740,1.5 BLUEHDI 130 CROSSWAY
PEUGEOT, 208 II,2020,35070,Diesel,73740,1.5 BLUEHDI 130 CROSSWAY
PEUGEOT, 2008 phase 2,2020,35070,Diesel,73740,1.5 BLUEHDI 130 CROSSWAY
PEUGEOT, 5008 II,2020,35070,Diesel,73740,1.5 BLUEHDI 130 CROSSWAY
PEUGEOT, 3008 II,2020,35070,Diesel,73740,1.5 BLUEHDI 130 CROSSWAY
PEUGEOT, 3008 II phase 2,2020,35070,Diesel,73740,1.5 BLUEHDI 130 CROSSWAY
PEUGEOT, 308 III SW,2020,35070,Diesel,73740,1.5 BLUEHDI 130 CROSSWAY
PEUGEOT, 308 II SW phase 2,2020,35070,Diesel,73740,1.5 BLUEHDI 130 CROSSWAY
PEUGEOT, BOXER II phase 2,2020,35070,Diesel,73740,1.5 BLUEHDI 130 CROSSWAY
PEUGEOT, RIFTER,2020,35070,Diesel,73740,1.5 BLUEHDI 130 CROSSWAY
PEUGEOT, 3008 II,2020,35070,Diesel,73740,1.5 BLUEHDI 130 CROSSWAY
PEUGEOT, 5008 II,2020,35070,Diesel,73740,1.5 BLUEHDI 130 CROSSWAY
PEUGEOT, 3008 II,2020,35070,Diesel,73740,1.5 BLUEHDI 130 CROSSWAY
PEUGEOT, 5008 II,2020,35070,Diesel,73740,1.5 BLUEHDI 130 CROSSWAY
PEUGEOT, BOXER II phase 2,2020,35070,Diesel,73740,1.5 BLUEHDI 130 CROSSWAY
PEUGEOT, 2008 phase 2,2020,35070,Diesel,73740,1.5 BLUEHDI 130 CROSSWAY
PEUGEOT, 2008 II,2021,32100,Diesel,49028,1.5 BLUEHDI 130 GT LINE
PEUGEOT, 2008 phase 2,2021,32100,Diesel,49028,1.5 BLUEHDI 130 GT LINE
PEUGEOT, RIFTER,2021,32100,Diesel,49028,1.5 BLUEHDI 130 GT LINE
PEUGEOT, 208 II AFFAIRE,2021,32100,Diesel,49028,1.5 BLUEHDI 130 GT LINE
PEUGEOT, 2008 II,2021,32100,Diesel,49028,1.5 BLUEHDI 130 GT LINE
PEUGEOT, 5008 II,2021,32100,Diesel,49028,1.5 BLUEHDI 130 GT LINE
PEUGEOT, 2008 II,2021,32100,Diesel,49028,1.5 BLUEHDI 130 GT LINE
PEUGEOT, 3008 II,2021,32100,Diesel,49028,1.5 BLUEHDI 130 GT LINE
PEUGEOT, 3008 II,2021,32100,Diesel,49028,1.5 BLUEHDI 130 GT LINE
PEUGEOT, RIFTER,2021,32100,Diesel,49028,1.5 BLUEHDI 130 GT LINE
PEUGEOT, 208 II,2021,32100,Diesel,49028,1.5 BLUEHDI 130 GT LINE
PEUGEOT, 5008 II phase 2,2021,32100,Diesel,49028,1.5 BLUEHDI 130 GT LINE
PEUGEOT, 5008 II,2021,32100,Diesel,49028,1.5 BLUEHDI 130 GT LINE
PEUGEOT, 2008 II,2021,32100,Diesel,49028,1.5 BLUEHDI 130 GT LINE
PEUGEOT, 3008 II phase 2,2021,32100,Diesel,49028,1.5 BLUEHDI 130 GT LINE
PEUGEOT, 3008 II,2021,32100,Diesel,49028,1.5 BLUEHDI 130 GT LINE
PEUGEOT, BOXER II phase 2,2021,32100,Diesel,49028,1.5 BLUEHDI 130 GT LINE
PEUGEOT, RIFTER,2020,30960,Diesel,71304,1.5 BLUEHDI 130 GT LINE
PEUGEOT, 3008 II phase 2,2020,30960,Diesel,71304,1.5 BLUEHDI 130 GT LINE
PEUGEOT, 308 II SW phase 2,2020,30960,Diesel,71304,1.5 BLUEHDI 130 GT LINE
PEUGEOT, 2008 phase 2,2020,30960,Diesel,71304,1.5 BLUEHDI 130 GT LINE
PEUGEOT, 3008 II,2020,30960,Diesel,71304,1.5 BLUEHDI 130 GT LINE
PEUGEOT, EXPERT III FOURGON,2020,30960,Diesel,71304,1.5 BLUEHDI 130 GT LINE
PEUGEOT, 308 II phase 2,2020,30960,Diesel,71304,1.5 BLUEHDI 130 GT LINE
PEUGEOT, 5008 II phase 2,2020,30960,Diesel,71304,1.5 BLUEHDI 130 GT LINE
PEUGEOT, 308 (2E GENERATION) SW,2020,30960,Diesel,71304,1.5 BLUEHDI 130 GT LINE
PEUGEOT, 308 II phase 2,2020,30960,Diesel,71304,1.5 BLUEHDI 130 GT LINE
PEUGEOT, PARTNER II FOURGON phase 2,2020,30960,Diesel,71304,1.5 BLUEHDI 130 GT LINE
PEUGEOT, RIFTER,2020,30960,Diesel,71304,1.5 BLUEHDI 130 GT LINE
PEUGEOT, 308 II phase 2,2020,30960,Diesel,71304,1.5 BLUEHDI 130 GT LINE
PEUGEOT, 5008 II phase 2,2020,30960,Diesel,71304,1.5 BLUEHDI 130 GT LINE
PEUGEOT, 3008 II,2020,30960,Diesel,71304,1.5 BLUEHDI 130 GT LINE
PEUGEOT, 208 II AFFAIRE,2020,30960,Diesel,71304,1.5 BLUEHDI 130 GT LINE
PEUGEOT, 208 II AFFAIRE,2020,30960,Diesel,71304,1.5 BLUEHDI 130 GT LINE
PEUGEOT, 5008 II,2020,26290,Diesel,96482,1.5 BLUEHDI 130 ALLURE BUSINESS
PEUGEOT, 308 III,2020,26290,Diesel,96482,1.5 BLUEHDI 130 ALLURE BUSINESS
PEUGEOT, 208 II,2020,26290,Diesel,96482,1.5 BLUEHDI 130 ALLURE BUSINESS
PEUGEOT, 508 II SW,2020,26290,Diesel,96482,1.5 BLUEHDI 130 ALLURE BUSINESS
PEUGEOT, PARTNER II TEPEE phase 3,2020,26290,Diesel,96482,1.5 BLUEHDI 130 ALLURE BUSINESS
PEUGEOT, 208 II,2020,26290,Diesel,96482,1.5 BLUEHDI 130 ALLURE BUSINESS
PEUGEOT, 3008 II,2020,26290,Diesel,96482,1.5 BLUEHDI 130 ALLURE BUSINESS
PEUGEOT, PARTNER III FOURGON,2020,26290,Diesel,96482,1.5 BLUEHDI 130 ALLURE BUSINESS
PEUGEOT, PARTNER II TEPEE phase 3,2020,26290,Diesel,96482,1.5 BLUEHDI 130 ALLURE BUSINESS
PEUGEOT, 208 phase 2,2020,26290,Diesel,96482,1.5 BLUEHDI 130 ALLURE BUSINESS
PEUGEOT, 208 phase 2,2020,26290,Diesel,96482,1.5 BLUEHDI 130 ALLURE BUSINESS
PEUGEOT, 3008 II,2020,26290,Diesel,96482,1.5 BLUEHDI 130 ALLURE BUSINESS
PEUGEOT, 308 II SW phase 2,2020,26290,Diesel,96482,1.5 BLUEHDI 130 ALLURE BUSINESS
PEUGEOT, 508 II SW,2020,26290,Diesel,96482,1.5 BLUEHDI 130 ALLURE BUSINESS
PEUGEOT, 3008 II phase 2,2020,26290,Diesel,96482,1.5 BLUEHDI 130 ALLURE BUSINESS
PEUGEOT, 308 II,2020,26290,Diesel,96482,1.5 BLUEHDI 130 ALLURE BUSINESS
PEUGEOT, 3008 II,2020,26290,Diesel,96482,1.5 BLUEHDI 130 ALLURE BUSINESS
PEUGEOT, 5008 II,2020,35070,Diesel,73740,1.5 BLUEHDI 130 CROSSWAY
PEUGEOT, RIFTER,2020,35070,Diesel,73740,1.5 BLUEHDI 130 CROSSWAY
PEUGEOT, 308 II SW phase 2,2020,35070,Diesel,73740,1.5 BLUEHDI 130 CROSSWAY
PEUGEOT, RIFTER,2020,35070,Diesel,73740,1.5 BLUEHDI 130 CROSSWAY
PEUGEOT, 5008 II,2020,35070,Diesel,73740,1.5 BLUEHDI 130 CROSSWAY
PEUGEOT, 508 II,2020,35070,Diesel,73740,1.5 BLUEHDI 130 CROSSWAY
PEUGEOT, 308 II phase 2,2020,35070,Diesel,73740,1.5 BLUEHDI 130 CROSSWAY
PEUGEOT, EXPERT III FOURGON,2020,35070,Diesel,73740,1.5 BLUEHDI 130 CROSSWAY
PEUGEOT, RIFTER,2020,35070,Diesel,73740,1.5 BLUEHDI 130 CROSSWAY
PEUGEOT, 308 II phase 2,2020,35070,Diesel,73740,1.5 BLUEHDI 130 CROSSWAY
PEUGEOT, BOXER II phase 2,2020,35070,Diesel,73740,1.5 BLUEHDI 130 CROSSWAY
PEUGEOT, 208 phase 2,2020,35070,Diesel,73740,1.5 BLUEHDI 130 CROSSWAY
PEUGEOT, 208 phase 2,2020,35070,Diesel,73740,1.5 BLUEHDI 130 CROSSWAY
PEUGEOT, 308 II phase 2,2020,35070,Diesel,73740,1.5 BLUEHDI 130 CROSSWAY
PEUGEOT, 2008 II,2020,35070,Diesel,73740,1.5 BLUEHDI 130 CROSSWAY
PEUGEOT, 308 II phase 2,2020,35070,Diesel,73740,1.5 BLUEHDI 130 CROSSWAY
PEUGEOT, 2008 II,2020,35070,Diesel,73740,1.5 BLUEHDI 130 CROSSWAY
PEUGEOT, 2008 II,2021,32100,Diesel,49028,1.5 BLUEHDI 130 GT LINE
PEUGEOT, 3008 II,2021,32100,Diesel,49028,1.5 BLUEHDI 130 GT LINE
PEUGEOT, 3008 II,2021,32100,Diesel,49028,1.5 BLUEHDI 130 GT LINE
PEUGEOT, 2008 phase 2,2021,32100,Diesel,49028,1.5 BLUEHDI 130 GT LINE
PEUGEOT, 308 II phase 2,2021,32100,Diesel,49028,1.5 BLUEHDI 130 GT LINE
PEUGEOT, 308 II phase 2,2021,32100,Diesel,49028,1.5 BLUEHDI 130 GT LINE
PEUGEOT, 5008 II phase 2,2021,32100,Diesel,49028,1.5 BLUEHDI 130 GT LINE
PEUGEOT, 208 II AFFAIRE,2021,32100,Diesel,49028,1.5 BLUEHDI 130 GT LINE
PEUGEOT, 508 II,2021,32100,Diesel,49028,1.5 BLUEHDI 130 GT LINE
PEUGEOT, BOXER II phase 2,2021,32100,Diesel,49028,1.5 BLUEHDI 130 GT LINE
PEUGEOT, 308 II SW phase 2,2021,32100,Diesel,49028,1.5 BLUEHDI 130 GT LINE
PEUGEOT, 2008 II,2021,32100,Diesel,49028,1.5 BLUEHDI 130 GT LINE
PEUGEOT, 2008 phase 2,2021,32100,Diesel,49028,1.5 BLUEHDI 130 GT LINE
PEUGEOT, 2008 phase 2,2021,32100,Diesel,49028,1.5 BLUEHDI 130 GT LINE
PEUGEOT, 308 II phase 2,2021,32100,Diesel,49028,1.5 BLUEHDI 130 GT LINE
PEUGEOT, 508 phase 2,2021,32100,Diesel,49028,1.5 BLUEHDI 130 GT LINE
PEUGEOT, 208 II,2021,32100,Diesel,49028,1.5 BLUEHDI 130 GT LINE
PEUGEOT, RIFTER,2020,30960,Diesel,71304,1.5 BLUEHDI 130 GT LINE
PEUGEOT, 2008 phase 2,2020,30960,Diesel,71304,1.5 BLUEHDI 130 GT LINE
PEUGEOT, 508 II,2020,30960,Diesel,71304,1.5 BLUEHDI 130 GT LINE
PEUGEOT, 308 II phase 2,2020,30960,Diesel,71304,1.5 BLUEHDI 130 GT LINE
PEUGEOT, 5008 II phase 2,2020,30960,Diesel,71304,1.5 BLUEHDI 130 GT LINE
PEUGEOT, 3008 II,2020,30960,Diesel,71304,1.5 BLUEHDI 130 GT LINE
PEUGEOT, 5008 II,2020,30960,Diesel,71304,1.5 BLUEHDI 130 GT LINE
PEUGEOT, BIPPER TEPEE,2020,30960,Diesel,71304,1.5 BLUEHDI 130 GT LINE
PEUGEOT, 2008 II,2020,30960,Diesel,71304,1.5 BLUEHDI 130 GT LINE
PEUGEOT, PARTNER III FOURGON phase 2,2020,30960,Diesel,71304,1.5 BLUEHDI 130 GT LINE
PEUGEOT, 308 II SW phase 2,2020,30960,Diesel,71304,1.5 BLUEHDI 130 GT LINE
PEUGEOT, 3008 II,2020,30960,Diesel,71304,1.5 BLUEHDI 130 GT LINE
PEUGEOT, 3008 II,2020,30960,Diesel,71304,1.5 BLUEHDI 130 GT LINE
PEUGEOT, 308 II phase 2,2020,30960,Diesel,71304,1.5 BLUEHDI 130 GT LINE
PEUGEOT, 3008 II phase 2,2020,30960,Diesel,71304,1.5 BLUEHDI 130 GT LINE
PEUGEOT, 3008 II phase 2,2020,30960,Diesel,71304,1.5 BLUEHDI 130 GT LINE
PEUGEOT, 308 II SW phase 2,2020,30960,Diesel,71304,1.5 BLUEHDI 130 GT LINE
PEUGEOT, 3008 II,2019,28490,Diesel,66278,2.0 BLUEHDI 180 GT
PEUGEOT, 3008 II phase 2,2019,28490,Diesel,66278,2.0 BLUEHDI 180 GT
PEUGEOT, 3008 II,2019,28490,Diesel,66278,2.0 BLUEHDI 180 GT
PEUGEOT, 3008 II phase 2,2019,28490,Diesel,66278,2.0 BLUEHDI 180 GT
PEUGEOT, 308 II SW,2019,28490,Diesel,66278,2.0 BLUEHDI 180 GT
PEUGEOT, 308 III,2019,28490,Diesel,66278,2.0 BLUEHDI 180 GT
PEUGEOT, 308 II phase 2,2019,28490,Diesel,66278,2.0 BLUEHDI 180 GT
PEUGEOT, PARTNER 2 TEPEE,2019,28490,Diesel,66278,2.0 BLUEHDI 180 GT
PEUGEOT, 3008 II,2019,28490,Diesel,66278,2.0 BLUEHDI 180 GT
PEUGEOT, 208 II AFFAIRE,2019,28490,Diesel,66278,2.0 BLUEHDI 180 GT
PEUGEOT, 2008 II,2019,28490,Diesel,66278,2.0 BLUEHDI 180 GT
PEUGEOT, 3008 II,2019,28490,Diesel,66278,2.0 BLUEHDI 180 GT
PEUGEOT, 2008 II,2019,28490,Diesel,66278,2.0 BLUEHDI 180 GT
PEUGEOT, 3008 II,2019,28490,Diesel,66278,2.0 BLUEHDI 180 GT
PEUGEOT, 208 phase 2,2019,28490,Diesel,66278,2.0 BLUEHDI 180 GT
PEUGEOT, 508 II,2019,28490,Diesel,66278,2.0 BLUEHDI 180 GT
PEUGEOT, 2008 II,2019,28490,Diesel,66278,2.0 BLUEHDI 180 GT
